experience_years,skills_count,certifications,Predictions
20,14,5,31276.854573662436
15,16,5,12365.203496431452
13,3,3,115165.5886698397
19,19,3,-11953.817042096678
